{
  "id": "1",
  "name": "Laxmichand Patel",
  "spouse": "Revabaa Patel",
  "children": [
    {
      "id": "2",
      "name": "Jeeviben Patel",
      "spouse": "Narayan Patel",
      "children": []
    },
    {
      "id": "4",
      "name": "Ujiben Patel",
      "spouse": "Mangaldas Patel",
      "children": []
    },
    {
      "id": "6",
      "name": "Heeraben Patel",
      "spouse": "Khodidas Patel",
      "children": []
    },
    {
      "id": "8",
      "name": "Nagardas Patel",
      "spouse": "Dahiben Patel",
      "children": [
        {
          "id": "14",
          "name": "Gangaben Patel",
          "spouse": "Chotalal Patel",
          "children": []
        },
        {
          "id": "16",
          "name": "Ambaben Patel",
          "spouse": "Virchanddas Patel",
          "children": []
        },
        {
          "id": "18",
          "name": "Radhaben Patel",
          "spouse": "Jayantilal Patel",
          "children": []
        },
        {
          "id": "20",
          "name": "Rambhai Patel",
          "spouse": "Kantaben Patel",
          "children": [
            {
              "id": "46",
              "name": "Ushaben patel",
              "spouse": "Manulal Patel",
              "children": []
            },
            {
              "id": "48",
              "name": "Umaben Patel",
              "spouse": "Narendrakumar Patel",
              "children": []
            },
            {
              "id": "50",
              "name": "Ilaben Patel",
              "spouse": "Narendakumar Patel",
              "children": []
            },
            {
              "id": "52",
              "name": "Ashwinbhai Patel",
              "spouse": "Premilaben Patel",
              "children": [
                {
                  "id": "110",
                  "name": "Ritul Patel",
                  "spouse": "Palak Patel",
                  "children": [
                    {
                      "id": "142",
                      "name": "Harvi Patel",
                      "spouse": "",
                      "children": []
                    },
                    {
                      "id": "143",
                      "name": "Mihan Patel",
                      "spouse": "",
                      "children": []
                    }
                  ]
                },
                {
                  "id": "112",
                  "name": "Komal Patel",
                  "spouse": "Vicky Patel",
                  "children": []
                }
              ]
            },
            {
              "id": "54",
              "name": "Ashokbhai Patel",
              "spouse": "Jyotsnaben Patel",
              "children": [
                {
                  "id": "114",
                  "name": "Dr.Keval Patel",
                  "spouse": "",
                  "children": []
                },
                {
                  "id": "115",
                  "name": "Mittal",
                  "spouse": "",
                  "children": []
                }
              ]
            }
          ]
        },
        {
          "id": "22",
          "name": "Govindbhai Patel",
          "spouse": "Kantaben Patel",
          "children": [
            {
              "id": "56",
              "name": "Geeraben Shah",
              "spouse": "Chetankumar Shah",
              "children": []
            },
            {
              "id": "58",
              "name": "Dhara Patel",
              "spouse": "Maulik Patel",
              "children": []
            },
            {
              "id": "60",
              "name": "Devanshu Patel",
              "spouse": "Amisha Patel",
              "children": [
                {
                  "id": "116",
                  "name": "Anshal Patel",
                  "spouse": "",
                  "children": []
                },
                {
                  "id": "117",
                  "name": "Siya Patel",
                  "spouse": "",
                  "children": []
                }
              ]
            }
          ]
        },
        {
          "id": "24",
          "name": "Baldevbhai Patel",
          "spouse": "Anandiben Patel",
          "children": [
            {
              "id": "62",
              "name": "Kaushik Patel",
              "spouse": "Parul Patel",
              "children": [
                {
                  "id": "138",
                  "name": "Kush Patel",
                  "spouse": "",
                  "children": []
                },
                {
                  "id": "139",
                  "name": "Shiv Patel",
                  "spouse": "",
                  "children": []
                }
              ]
            },
            {
              "id": "64",
              "name": "Hirenbhai Patel",
              "spouse": "Nimishaben Patel",
              "children": [
                {
                  "id": "140",
                  "name": "Meet Patel",
                  "spouse": "",
                  "children": []
                }
              ]
            },
            {
              "id": "66",
              "name": "Nilesh Patel",
              "spouse": "",
              "children": []
            }
          ]
        }
      ]
    },
    {
      "id": "10",
      "name": "Hargovandas Patel",
      "spouse": "Kankuben Patel",
      "children": [
        {
          "id": "26",
          "name": "Natvarbhai Patel",
          "spouse": "Vidhyaben Patel",
          "children": [
            {
              "id": "67",
              "name": "Sarojben Patel",
              "spouse": "Rajendra Patel",
              "children": []
            },
            {
              "id": "69",
              "name": "Bharatbhai Patel",
              "spouse": "Pravinaben Patel",
              "children": [
                {
                  "id": "118",
                  "name": "Dr. Keyur Patel",
                  "spouse": "Dr. Kinjal Patel",
                  "children": [
                    {
                      "id": "144",
                      "name": "Jiyaan Patel",
                      "spouse": "",
                      "children": []
                    }
                  ]
                }
              ]
            },
            {
              "id": "71",
              "name": "Veenaben Patel",
              "spouse": "Sureshbhai",
              "children": []
            },
            {
              "id": "73",
              "name": "Rameshchandra Patel",
              "spouse": "Surekhaben Patel",
              "children": [
                {
                  "id": "120",
                  "name": "Deep Patel",
                  "spouse": "Helly Patel",
                  "children": []
                }
              ]
            }
          ]
        },
        {
          "id": "28",
          "name": "Subhadraben Patel",
          "spouse": "Gandalal Patel",
          "children": []
        },
        {
          "id": "30",
          "name": "Babulal Patel",
          "spouse": "Madhuben Patel",
          "children": [
            {
              "id": "75",
              "name": "Dr.Rajeshkumar Patel",
              "spouse": "Heenaben Patel",
              "children": [
                {
                  "id": "122",
                  "name": "Alisha Patel",
                  "spouse": "Neel Shah",
                  "children": []
                },
                {
                  "id": "124",
                  "name": "Dhyan Patel",
                  "spouse": "",
                  "children": []
                }
              ]
            },
            {
              "id": "77",
              "name": "Seemaben Patel",
              "spouse": "Vinodkumar Patel",
              "children": []
            },
            {
              "id": "79",
              "name": "Tejal Patel",
              "spouse": "Jigar Patel",
              "children": []
            }
          ]
        },
        {
          "id": "32",
          "name": "Jayantibhai Patel",
          "spouse": "Vasantiben Patel",
          "children": [
            {
              "id": "81",
              "name": "Sonalben Patel",
              "spouse": "Dilipkumar Patel",
              "children": []
            },
            {
              "id": "83",
              "name": "Jagrutiben Patel",
              "spouse": "Dilipkumar Patel",
              "children": []
            },
            {
              "id": "85",
              "name": "Rekhaben Patel",
              "spouse": "Hirenkumar Patel",
              "children": []
            },
            {
              "id": "87",
              "name": "Vishal Patel",
              "spouse": "Bindi Patel",
              "children": [
                {
                  "id": "125",
                  "name": "Riyaan",
                  "spouse": "",
                  "children": []
                }
              ]
            }
          ]
        },
        {
          "id": "34",
          "name": "Ramanbhai Patel",
          "spouse": "Leelben Patel",
          "children": [
            {
              "id": "89",
              "name": "Nitinbhai Patel",
              "spouse": "Amitaben Patel",
              "children": [
                {
                  "id": "126",
                  "name": "Jenish Patel",
                  "spouse": "",
                  "children": []
                },
                {
                  "id": "127",
                  "name": "Hensi Patel",
                  "spouse": "",
                  "children": []
                }
              ]
            },
            {
              "id": "91",
              "name": "Hitesh Patel",
              "spouse": "Hemali Patel",
              "children": [
                {
                  "id": "128",
                  "name": "Om Patel",
                  "spouse": "",
                  "children": []
                }
              ]
            },
            {
              "id": "93",
              "name": "Trupti Patel",
              "spouse": "Mehulkumar Patel",
              "children": []
            }
          ]
        }
      ]
    },
    {
      "id": "12",
      "name": "Ishvardas Patel",
      "spouse": "Shakariben Patel",
      "children": [
        {
          "id": "36",
          "name": "Madhuben Patel",
          "spouse": "Ramdas Patel",
          "children": []
        },
        {
          "id": "38",
          "name": "Kantibhai Patel",
          "spouse": "Sarojben Patel",
          "children": [
            {
              "id": "95",
              "name": "Bhaveshbhai Patel",
              "spouse": "Neelaben Patel",
              "children": [
                {
                  "id": "129",
                  "name": "Dr.Meghan Patel",
                  "spouse": "Prachi Patel",
                  "children": []
                },
                {
                  "id": "131",
                  "name": "Vedan Patel",
                  "spouse": "",
                  "children": []
                }
              ]
            },
            {
              "id": "97",
              "name": "Miteshbhai Patel",
              "spouse": "Riya Patel",
              "children": [
                {
                  "id": "132",
                  "name": "Sanvi Patel",
                  "spouse": "",
                  "children": []
                },
                {
                  "id": "133",
                  "name": "Hitvam Patel",
                  "spouse": "",
                  "children": []
                }
              ]
            },
            {
              "id": "99",
              "name": "Ketalben Patel",
              "spouse": "",
              "children": []
            }
          ]
        },
        {
          "id": "40",
          "name": "Shardaben Patel",
          "spouse": "Chimanlal Patel",
          "children": []
        },
        {
          "id": "42",
          "name": "Dasrathbhai Patel",
          "spouse": "Kapilaben Patel",
          "children": [
            {
              "id": "100",
              "name": "Viral Patel",
              "spouse": "Reema Patel",
              "children": [
                {
                  "id": "134",
                  "name": "Jaimin Patel",
                  "spouse": "",
                  "children": []
                },
                {
                  "id": "141",
                  "name": "Dhruvi Patel",
                  "spouse": "",
                  "children": []
                }
              ]
            },
            {
              "id": "102",
              "name": "Dhiral Patel",
              "spouse": "Hiral Patel",
              "children": [
                {
                  "id": "135",
                  "name": "Hit Patel",
                  "spouse": "",
                  "children": []
                }
              ]
            }
          ]
        },
        {
          "id": "44",
          "name": "Dineshbhai Patel",
          "spouse": "Jyotsnaben Patel",
          "children": [
            {
              "id": "104",
              "name": "Hetalben Patel",
              "spouse": "Jignesh Patel",
              "children": []
            },
            {
              "id": "106",
              "name": "Payal Patel",
              "spouse": "Ronak Patel",
              "children": []
            },
            {
              "id": "108",
              "name": "Kapil Patel",
              "spouse": "Priyanka Patel",
              "children": [
                {
                  "id": "136",
                  "name": "Shiyan Patel",
                  "spouse": "",
                  "children": []
                },
                {
                  "id": "137",
                  "name": "Anaya Patel",
                  "spouse": "",
                  "children": []
                }
              ]
            }
          ]
        }
      ]
    }
  ]
}
