{
  "id": "1",
  "name": "Laxmichand Patel",
  "spouse": {
    "id": "1-spouse",
    "name": "Revabaa Patel"
  },
  "children": [
    {
      "id": "2",
      "name": "Jeeviben Patel",
      "spouse": {
        "id": "2-spouse",
        "name": "Narayan Patel"
      },
      "children": []
    },
    {
      "id": "8",
      "name": "Nagardas Patel",
      "spouse": {
        "id": "8-spouse",
        "name": "Dahiben Patel"
      },
      "children": [
        {
          "id": "14",
          "name": "Gangaben Patel",
          "image": "https://res.cloudinary.com/dyedk8jpe/image/upload/c_thumb,g_face,h_200,w_200/r_max/f_auto/ganga_lfbrmj",
          "spouse": {
            "id": "14-spouse",
            "name": "Chotalal Patel"
          },
          "children": []
        },
        {
          "id": "16",
          "name": "Ambaben Patel",
          "spouse": {
            "id": "16-spouse",
            "name": "Virchanddas Patel"
          },
          "children": []
        },
        {
          "id": "18",
          "name": "Radhaben Patel",
          "image": "https://res.cloudinary.com/dyedk8jpe/image/upload/c_thumb,g_face,h_200,w_200/r_max/f_auto/radhafai_alqwf1",
          "spouse": {
            "id": "18-spouse",
            "name": "Jayantilal Patel",
            "image": "https://res.cloudinary.com/dyedk8jpe/image/upload/c_thumb,g_face,h_200,w_200/r_max/f_auto/jayantifua_qlpch8"
          },
          "children": []
        },
        {
          "id": "20",
          "name": "Rambhai Patel",
          "image": "https://res.cloudinary.com/dyedk8jpe/image/upload/c_thumb,g_face,h_200,w_200/r_max/f_auto/rambhai_xjwk3m",
          "spouse": {
            "id": "20-spouse",
            "name": "Kantaben Patel",
            "image": "https://res.cloudinary.com/dyedk8jpe/image/upload/c_thumb,g_face,h_200,w_200/r_max/f_auto/kantaben_h3e9c6"
          },
          "children": [
            {
              "id": "46",
              "name": "Ushaben patel",
              "spouse": {
                "id": "46-spouse",
                "name": "Manulal Patel"
              },
              "children": []
            },
            {
              "id": "48",
              "name": "Umaben Patel",
              "spouse": {
                "id": "48-spouse",
                "name": "Narendrakumar Patel"
              },
              "children": []
            },
            {
              "id": "50",
              "name": "Ilaben Patel",
              "image": "https://res.cloudinary.com/dyedk8jpe/image/upload/c_thumb,g_face,h_200,w_200/r_max/f_auto/ilaben_qwjxdv",
              "spouse": {
                "id": "50-spouse",
                "name": "Narendakumar Patel",
                "image": "https://res.cloudinary.com/dyedk8jpe/image/upload/c_thumb,g_face,h_200,w_200/r_max/f_auto/Narendrkumar_qd48wk"
              },
              "children": []
            },
            {
              "id": "52",
              "name": "Ashwinbhai Patel",
              "image": "https://res.cloudinary.com/dyedk8jpe/image/upload/v1764445863/ashwin_tancdh.jpg",
              "spouse": {
                "id": "52-spouse",
                "name": "Premilaben Patel",
                "image": "https://res.cloudinary.com/dyedk8jpe/image/upload/c_thumb,g_face,h_200,w_200/r_max/f_auto/premilaben_pbqjxf"
              },
              "children": [
                {
                  "id": "110",
                  "name": "Ritul Patel",
                  "spouse": {
                    "id": "110-spouse",
                    "name": "Palak Patel"
                  },
                  "children": [
                    {
                      "id": "142",
                      "name": "Harvi Patel",
                      "image": "https://res.cloudinary.com/dyedk8jpe/image/upload/c_thumb,g_face,h_200,w_200/r_max/f_auto/Harvi_mlvcpo",
                      "children": []
                    },
                    {
                      "id": "143",
                      "name": "Mihan Patel",
                      "image": "https://res.cloudinary.com/dyedk8jpe/image/upload/c_thumb,g_face,h_200,w_200/r_max/f_auto/mihaan_wrbwel",
                      "children": []
                    }
                  ]
                },
                {
                  "id": "112",
                  "name": "Komal Patel",
                  "image": "https://res.cloudinary.com/dyedk8jpe/image/upload/c_thumb,g_face,h_200,w_200/r_max/f_auto/komal_smww9k",
                  "spouse": {
                    "id": "112-spouse",
                    "name": "Vicky Patel",
                    "image": "https://res.cloudinary.com/dyedk8jpe/image/upload/c_thumb,g_face,h_200,w_200/r_max/f_auto/vicky_f9kxuh"
                  },
                  "children": []
                }
              ]
            },
            {
              "id": "54",
              "name": "Ashokbhai Patel",
              "spouse": {
                "id": "54-spouse",
                "name": "Jyotsnaben Patel"
              },
              "children": [
                {
                  "id": "114",
                  "name": "Dr.Keval Patel",
                  "children": []
                },
                {
                  "id": "115",
                  "name": "Mittal",
                  "children": []
                }
              ]
            }
          ]
        },
        {
          "id": "22",
          "name": "Govindbhai Patel",
          "image": "https://res.cloudinary.com/dyedk8jpe/image/upload/t_devanshu/WhatsApp_Image_2025-11-26_at_07.00.12_1_ct272l",
          "spouse": {
            "id": "22-spouse",
            "name": "Kantaben Patel",
            "image": "https://res.cloudinary.com/dyedk8jpe/image/upload/t_devanshu/WhatsApp_Image_2025-11-26_at_07.00.12_b95e26"
          },
          "children": [
            {
              "id": "56",
              "name": "Geeraben Shah",
              "spouse": {
                "id": "56-spouse",
                "name": "Chetankumar Shah"
              },
              "children": []
            },
            {
              "id": "58",
              "name": "Dhara Patel",
              "image": "https://res.cloudinary.com/dyedk8jpe/image/upload/c_thumb,g_face,h_200,w_200/r_max/f_auto/dhara_bt3azh",
              "spouse": {
                "id": "58-spouse",
                "name": "Maulik Patel",
                "image": "https://res.cloudinary.com/dyedk8jpe/image/upload/ar_1:1,c_auto,g_auto,w_500/r_max/maulik_rn3hkj"
              },
              "children": []
            },
            {
              "id": "60",
              "name": "Devanshu Patel",
              "image": "https://res.cloudinary.com/dyedk8jpe/image/upload/c_thumb,g_face,h_200,w_200/r_max/f_auto/WhatsApp_Image_2025-11-26_at_07.00.07_z6xt4z",
              "spouse": {
                "id": "60-spouse",
                "name": "Amisha Patel",
                "image": "https://res.cloudinary.com/dyedk8jpe/image/upload/t_devanshu/WhatsApp_Image_2025-11-26_at_07.00.08_lhs2nj"
              },
              "children": [
                {
                  "id": "116",
                  "name": "Anshal Patel",
                  "image": "https://res.cloudinary.com/dyedk8jpe/image/upload/t_devanshu/WhatsApp_Image_2025-11-26_at_07.00.09_zbqvif",
                  "children": []
                },
                {
                  "id": "117",
                  "name": "Siya Patel",
                  "image": "https://res.cloudinary.com/dyedk8jpe/image/upload/t_devanshu/WhatsApp_Image_2025-11-26_at_07.00.11_djxemg",
                  "children": []
                }
              ]
            }
          ]
        },
        {
          "id": "24",
          "name": "Baldevbhai Patel",
          "image": "https://res.cloudinary.com/dyedk8jpe/image/upload/c_thumb,g_face,h_200,w_200/r_max/f_auto/baldevbhai_n4m9gk",
          "spouse": {
            "id": "24-spouse",
            "name": "Anandiben Patel",
            "image": "https://res.cloudinary.com/dyedk8jpe/image/upload/c_thumb,g_face,h_200,w_200/r_max/f_auto/anandi_yfif8y"
          },
          "children": [
            {
              "id": "62",
              "name": "Kaushik Patel",
              "image": "https://res.cloudinary.com/dyedk8jpe/image/upload/c_thumb,g_face,h_200,w_200/r_max/f_auto/kaushik_y6yjxw",
              "spouse": {
                "id": "62-spouse",
                "name": "Parul Patel",
                "image": "https://res.cloudinary.com/dyedk8jpe/image/upload/c_thumb,g_face,h_200,w_200/r_max/f_auto/parul_mhzict"
              },
              "children": [
                {
                  "id": "138",
                  "name": "Kush Patel",
                  "image": "https://res.cloudinary.com/dyedk8jpe/image/upload/c_thumb,g_face,h_200,w_200/r_max/f_auto/kush_tg5euu",
                  "children": []
                },
                {
                  "id": "139",
                  "name": "Shiv Patel",
                  "image": "https://res.cloudinary.com/dyedk8jpe/image/upload/c_thumb,g_face,h_200,w_200/r_max/f_auto/shiv_d77ows",
                  "children": []
                }
              ]
            },
            {
              "id": "64",
              "name": "Hirenbhai Patel",
              "image": "https://res.cloudinary.com/dyedk8jpe/image/upload/c_thumb,g_face,h_200,w_200/r_max/f_auto/hiren_q84np5",
              "spouse": {
                "id": "64-spouse",
                "name": "Nimishaben Patel",
                "image": "https://res.cloudinary.com/dyedk8jpe/image/upload/c_thumb,g_face,h_200,w_200/r_max/f_auto/nimisha_kanxzu"
              },
              "children": [
                {
                  "id": "140",
                  "name": "Meet Patel",
                  "image": "https://res.cloudinary.com/dyedk8jpe/image/upload/c_thumb,g_face,h_200,w_200/r_max/f_auto/meet_kt9my7",
                  "children": []
                }
              ]
            },
            {
              "id": "66",
              "name": "Nilesh Patel",
              "children": []
            }
          ]
        }
      ]
    },
    {
      "id": "4",
      "name": "Ujiben Patel",
      "spouse": {
        "id": "4-spouse",
        "name": "Mangaldas Patel"
      },
      "children": []
    },
    {
      "id": "10",
      "name": "Hargovandas Patel",
      "image": "https://res.cloudinary.com/dyedk8jpe/image/upload/ar_1:1,c_auto,g_auto,w_500/r_max/hargovan_wdbjwl",
      "spouse": {
        "id": "10-spouse",
        "name": "Kankuben Patel",
        "image": "https://res.cloudinary.com/dyedk8jpe/image/upload/c_thumb,g_face,h_200,w_200/r_max/f_auto/kanku_lxvibu"
      },
      "children": [
        {
          "id": "26",
          "name": "Natvarbhai Patel",
          "spouse": {
            "id": "26-spouse",
            "name": "Vidhyaben Patel"
          },
          "children": [
            {
              "id": "67",
              "name": "Sarojben Patel",
              "image": "https://res.cloudinary.com/dyedk8jpe/image/upload/c_thumb,g_face,h_200,w_200/r_max/f_auto/sarojben_vxxlp8",
              "spouse": {
                "id": "67-spouse",
                "name": "Rajendra Patel",
                "image": "https://res.cloudinary.com/dyedk8jpe/image/upload/c_thumb,g_face,h_200,w_200/r_max/f_auto/rajendra_c0bezc"
              },
              "children": []
            },
            {
              "id": "69",
              "name": "Bharatbhai Patel",
              "image": "https://res.cloudinary.com/dyedk8jpe/image/upload/c_thumb,g_face,h_200,w_200/r_max/f_auto/bharatbhai_rummhz",
              "spouse": {
                "id": "69-spouse",
                "name": "Pravinaben Patel",
                "image": "https://res.cloudinary.com/dyedk8jpe/image/upload/c_thumb,g_face,h_200,w_200/r_max/f_auto/pravina_slpsda"
              },
              "children": [
                {
                  "id": "118",
                  "name": "Dr. Keyur Patel",
                  "image": "https://res.cloudinary.com/dyedk8jpe/image/upload/c_thumb,g_face,h_200,w_200/r_max/f_auto/keyur_hvurhw",
                  "spouse": {
                    "id": "118-spouse",
                    "name": "Dr. Kinjal Patel",
                    "image": "https://res.cloudinary.com/dyedk8jpe/image/upload/c_thumb,g_face,h_200,w_200/r_max/f_auto/kinjal_d3psre"
                  },
                  "children": [
                    {
                      "id": "144",
                      "name": "Jiyaan Patel",
                      "image": "https://res.cloudinary.com/dyedk8jpe/image/upload/c_thumb,g_face,h_200,w_200/r_max/f_auto/jiyaan_dmtrzd",
                      "children": []
                    }
                  ]
                }
              ]
            },
            {
              "id": "71",
              "name": "Veenaben Patel",
              "spouse": {
                "id": "71-spouse",
                "name": "Sureshbhai"
              },
              "children": []
            },
            {
              "id": "73",
              "name": "Rameshchandra Patel",
              "spouse": {
                "id": "73-spouse",
                "name": "Surekhaben Patel"
              },
              "children": [
                {
                  "id": "120",
                  "name": "Deep Patel",
                  "spouse": {
                    "id": "120-spouse",
                    "name": "Helly Patel"
                  },
                  "children": []
                }
              ]
            }
          ]
        },
        {
          "id": "28",
          "name": "Subhadraben Patel",
          "spouse": {
            "id": "28-spouse",
            "name": "Gandalal Patel"
          },
          "children": []
        },
        {
          "id": "30",
          "name": "Babulal Patel",
          "spouse": {
            "id": "30-spouse",
            "name": "Madhuben Patel",
            "image": "https://res.cloudinary.com/dyedk8jpe/image/upload/c_thumb,g_face,h_200,w_200/r_max/f_auto/madhu5_mrqovw"
          },
          "children": [
            {
              "id": "75",
              "name": "Dr.Rajeshkumar Patel",
              "image": "https://res.cloudinary.com/dyedk8jpe/image/upload/c_thumb,g_face,h_200,w_200/r_max/f_auto/rajesh2_toa61u",
              "spouse": {
                "id": "75-spouse",
                "name": "Heenaben Patel",
                "image": "https://res.cloudinary.com/dyedk8jpe/image/upload/c_thumb,g_face,h_200,w_200/r_max/f_auto/Heena_ufoe43"
              },
              "children": [
                {
                  "id": "122",
                  "name": "Alisha Patel",
                  "image": "https://res.cloudinary.com/dyedk8jpe/image/upload/c_thumb,g_face,h_200,w_200/r_max/f_auto/alisha4_str8le",
                  "spouse": {
                    "id": "122-spouse",
                    "name": "Neel Shah",
                    "image": "https://res.cloudinary.com/dyedk8jpe/image/upload/c_thumb,g_face,h_200,w_200/r_max/f_auto/neel_ldcx0z"
                  },
                  "children": []
                },
                {
                  "id": "124",
                  "name": "Dhyan Patel",
                  "image": "https://res.cloudinary.com/dyedk8jpe/image/upload/c_thumb,g_face,h_200,w_200/r_max/f_auto/dhyan2_lc248x",
                  "children": []
                }
              ]
            },
            {
              "id": "77",
              "name": "Seemaben Patel",
              "image": "https://res.cloudinary.com/dyedk8jpe/image/upload/c_thumb,g_face,h_200,w_200/r_max/f_auto/seema_agdryc",
              "spouse": {
                "id": "77-spouse",
                "name": "Vinodkumar Patel"
              },
              "children": []
            },
            {
              "id": "79",
              "name": "Tejal Patel",
              "image": "https://res.cloudinary.com/dyedk8jpe/image/upload/c_thumb,g_face,h_200,w_200/r_max/f_auto/tejal_sk2ppu",
              "spouse": {
                "id": "79-spouse",
                "name": "Jigar Patel",
                "image": "https://res.cloudinary.com/dyedk8jpe/image/upload/c_thumb,g_face,h_200,w_200/r_max/f_auto/TJ2_gylf4d"
              },
              "children": []
            }
          ]
        },
        {
          "id": "32",
          "name": "Jayantibhai Patel",
          "image": "https://res.cloudinary.com/dyedk8jpe/image/upload/c_thumb,g_face,h_200,w_200/r_max/f_auto/jayantibhai_tba6mv",
          "spouse": {
            "id": "32-spouse",
            "name": "Vasantiben Patel",
            "image": "https://res.cloudinary.com/dyedk8jpe/image/upload/c_thumb,g_face,h_200,w_200/r_max/f_auto/Vasantiben_epp2ox"
          },
          "children": [
            {
              "id": "81",
              "name": "Sonalben Patel",
              "image": "https://res.cloudinary.com/dyedk8jpe/image/upload/c_thumb,g_face,h_200,w_200/r_max/f_auto/sonal_yimwhd",
              "spouse": {
                "id": "81-spouse",
                "name": "Dilipkumar Patel"
              },
              "children": []
            },
            {
              "id": "83",
              "name": "Jagrutiben Patel",
              "image": "https://res.cloudinary.com/dyedk8jpe/image/upload/c_thumb,g_face,h_200,w_200/r_max/f_auto/jagufai_nbgglo",
              "spouse": {
                "id": "83-spouse",
                "name": "Dipak Patel",
                "image": "https://res.cloudinary.com/dyedk8jpe/image/upload/c_thumb,g_face,h_200,w_200/r_max/f_auto/dipak_l0w0c3"
              },
              "children": []
            },
            {
              "id": "85",
              "name": "Rekhaben Patel",
              "image": "https://res.cloudinary.com/dyedk8jpe/image/upload/c_thumb,g_face,h_200,w_200/r_max/f_auto/rekhaben_rxbcv6",
              "spouse": {
                "id": "85-spouse",
                "name": "Hirenkumar Patel",
                "image": "https://res.cloudinary.com/dyedk8jpe/image/upload/c_thumb,g_face,h_200,w_200/r_max/f_auto/hirenkumar_gf994r"
              },
              "children": []
            },
            {
              "id": "87",
              "name": "Vishal Patel",
              "spouse": {
                "id": "87-spouse",
                "name": "Bindi Patel"
              },
              "children": [
                {
                  "id": "125",
                  "name": "Riyaan",
                  "image": "https://res.cloudinary.com/dyedk8jpe/image/upload/c_thumb,g_face,h_200,w_200/r_max/f_auto/riaan_rganpf",
                  "children": []
                }
              ]
            }
          ]
        },
        {
          "id": "34",
          "name": "Ramanbhai Patel",
          "image": "https://res.cloudinary.com/dyedk8jpe/image/upload/c_thumb,g_face,h_200,w_200/r_max/f_auto/ramanbhai_qxyiuq",
          "spouse": {
            "id": "34-spouse",
            "name": "Leelben Patel",
            "image": "https://res.cloudinary.com/dyedk8jpe/image/upload/c_thumb,g_face,h_200,w_200/r_max/f_auto/Leela_wqa5xw"
          },
          "children": [
            {
              "id": "89",
              "name": "Nitinbhai Patel",
              "image": "https://res.cloudinary.com/dyedk8jpe/image/upload/c_thumb,g_face,h_200,w_200/r_max/f_auto/nitinbhai_zmlo0w",
              "spouse": {
                "id": "89-spouse",
                "name": "Amitaben Patel",
                "image": "https://res.cloudinary.com/dyedk8jpe/image/upload/c_thumb,g_face,h_200,w_200/r_max/f_auto/amita_e4pz87"
              },
              "children": [
                {
                  "id": "126",
                  "name": "Jenish Patel",
                  "image": "https://res.cloudinary.com/dyedk8jpe/image/upload/c_thumb,g_face,h_200,w_200/r_max/f_auto/jenish_ulimzw",
                  "children": []
                },
                {
                  "id": "127",
                  "name": "Hensi Patel",
                  "image": "https://res.cloudinary.com/dyedk8jpe/image/upload/ar_1:1,c_auto,g_auto,w_500/r_max/hensi_xn3ayd",
                  "children": []
                }
              ]
            },
            {
              "id": "91",
              "name": "Hitesh Patel",
              "image": "https://res.cloudinary.com/dyedk8jpe/image/upload/c_thumb,g_face,h_200,w_200/r_max/f_auto/hitesh_m9dkvb",
              "spouse": {
                "id": "91-spouse",
                "name": "Hemali Patel",
                "image": "https://res.cloudinary.com/dyedk8jpe/image/upload/c_thumb,g_face,h_200,w_200/r_max/f_auto/hemali_hiuiev"
              },
              "children": [
                {
                  "id": "128",
                  "name": "Om Patel",
                  "image": "https://res.cloudinary.com/dyedk8jpe/image/upload/c_thumb,g_face,h_200,w_200/r_max/f_auto/om_qmpjtm",
                  "children": []
                }
              ]
            },
            {
              "id": "93",
              "name": "Trupti Patel",
              "image": "https://res.cloudinary.com/dyedk8jpe/image/upload/c_thumb,g_face,h_200,w_200/r_max/f_auto/trupti_fjgk77",
              "spouse": {
                "id": "93-spouse",
                "name": "Mehulkumar Patel",
                "image": "https://res.cloudinary.com/dyedk8jpe/image/upload/c_thumb,g_face,h_200,w_200/r_max/f_auto/mehul_jkx4os"
              },
              "children": []
            }
          ]
        }
      ]
    },
    {
      "id": "6",
      "name": "Heeraben Patel",
      "spouse": {
        "id": "6-spouse",
        "name": "Khodidas Patel"
      },
      "children": []
    },
    {
      "id": "12",
      "name": "Ishvardas Patel",
      "spouse": {
        "id": "12-spouse",
        "name": "Shakariben Patel"
      },
      "children": [
        {
          "id": "36",
          "name": "Madhuben Patel",
          "image": "https://res.cloudinary.com/dyedk8jpe/image/upload/c_thumb,g_face,h_200,w_200/r_max/f_auto/madhufai_sfulru",
          "spouse": {
            "id": "36-spouse",
            "name": "Ramdas Patel",
            "image": "https://res.cloudinary.com/dyedk8jpe/image/upload/c_thumb,g_face,h_200,w_200/r_max/f_auto/ramfua_j9snmz"
          },
          "children": []
        },
        {
          "id": "38",
          "name": "Kantibhai Patel",
          "image": "https://res.cloudinary.com/dyedk8jpe/image/upload/c_thumb,g_face,h_200,w_200/r_max/f_auto/Kantidada_cefrsx",
          "spouse": {
            "id": "38-spouse",
            "name": "Sarojben Patel",
            "image": "https://res.cloudinary.com/dyedk8jpe/image/upload/ar_1:1,c_auto,g_auto,w_500/r_max/Sarojbaa_dfodzb"
          },
          "children": [
            {
              "id": "95",
              "name": "Bhaveshbhai Patel",
              "image": "https://res.cloudinary.com/dyedk8jpe/image/upload/c_thumb,g_face,h_200,w_200/r_max/f_auto/Bhavesh_ugmlbe",
              "spouse": {
                "id": "95-spouse",
                "name": "Neelaben Patel",
                "image": "https://res.cloudinary.com/dyedk8jpe/image/upload/c_thumb,g_face,h_200,w_200/r_max/f_auto/Neela_elqw9w"
              },
              "children": [
                {
                  "id": "129",
                  "name": "Dr.Meghan Patel",
                  "image": "https://res.cloudinary.com/dyedk8jpe/image/upload/c_thumb,g_face,h_200,w_200/r_max/f_auto/Meghan_krovk8",
                  "spouse": {
                    "id": "129-spouse",
                    "name": "Prachi Patel",
                    "image": "https://res.cloudinary.com/dyedk8jpe/image/upload/c_thumb,g_face,h_200,w_200/r_max/f_auto/Prachi_x41iqy"
                  },
                  "children": []
                },
                {
                  "id": "131",
                  "name": "Vedan Patel",
                  "image": "https://res.cloudinary.com/dyedk8jpe/image/upload/c_thumb,g_face,h_200,w_200/r_max/f_auto/Vedan_jhxu4n",
                  "children": []
                }
              ]
            },
            {
              "id": "97",
              "name": "Miteshbhai Patel",
              "image": "https://res.cloudinary.com/dyedk8jpe/image/upload/c_thumb,g_face,h_200,w_200/r_max/f_auto/Mitesh_s8b2vw",
              "spouse": {
                "id": "97-spouse",
                "name": "Riya Patel",
                "image": "https://res.cloudinary.com/dyedk8jpe/image/upload/c_thumb,g_face,h_200,w_200/r_max/f_auto/Riya_o0pd6r"
              },
              "children": [
                {
                  "id": "132",
                  "name": "Sanvi Patel",
                  "image": "https://res.cloudinary.com/dyedk8jpe/image/upload/c_thumb,g_face,h_200,w_200/r_max/f_auto/Sanvi_s9mntt",
                  "children": []
                },
                {
                  "id": "133",
                  "name": "Hitvam Patel",
                  "image": "https://res.cloudinary.com/dyedk8jpe/image/upload/c_thumb,g_face,h_200,w_200/r_max/f_auto/Hitvam_wxzpnn",
                  "children": []
                }
              ]
            },
            {
              "id": "99",
              "name": "Ketalben Patel",
              "image": "https://res.cloudinary.com/dyedk8jpe/image/upload/ar_1:1,c_auto,g_auto,w_500/r_max/ketal_ioexmg",
              "children": []
            }
          ]
        },
        {
          "id": "40",
          "name": "Shardaben Patel",
          "image": "https://res.cloudinary.com/dyedk8jpe/image/upload/c_thumb,g_face,h_200,w_200/r_max/f_auto/shardafai_m3y5ue",
          "spouse": {
            "id": "40-spouse",
            "name": "Chimanlal Patel",
            "image": "https://res.cloudinary.com/dyedk8jpe/image/upload/c_thumb,g_face,h_200,w_200/r_max/f_auto/chimanlal_pjw4vl"
          },
          "children": []
        },
        {
          "id": "42",
          "name": "Dasrathbhai Patel",
          "image": "https://res.cloudinary.com/dyedk8jpe/image/upload/c_thumb,g_face,h_200,w_200/r_max/f_auto/Dasrathbhai_zw4kei",
          "spouse": {
            "id": "42-spouse",
            "name": "Kapilaben Patel",
            "image": "https://res.cloudinary.com/dyedk8jpe/image/upload/ar_1:1,c_auto,g_auto,w_500/r_max/kapilabaa_ypnkev"
          },
          "children": [
            {
              "id": "100",
              "name": "Viral Patel",
              "spouse": {
                "id": "100-spouse",
                "name": "Reema Patel"
              },
              "children": [
                {
                  "id": "134",
                  "name": "Jaimin Patel",
                  "children": []
                },
                {
                  "id": "141",
                  "name": "Dhruvi Patel",
                  "children": []
                }
              ]
            },
            {
              "id": "102",
              "name": "Dhiral Patel",
              "spouse": {
                "id": "102-spouse",
                "name": "Hiral Patel"
              },
              "children": [
                {
                  "id": "135",
                  "name": "Hit Patel",
                  "children": []
                }
              ]
            }
          ]
        },
        {
          "id": "44",
          "name": "Dineshbhai Patel",
          "image": "https://res.cloudinary.com/dyedk8jpe/image/upload/c_thumb,g_face,h_200,w_200/r_max/f_auto/dinesh_xs9fgm",
          "spouse": {
            "id": "44-spouse",
            "name": "Jyotsnaben Patel"
          },
          "children": [
            {
              "id": "104",
              "name": "Hetalben Patel",
              "spouse": {
                "id": "104-spouse",
                "name": "Jignesh Patel"
              },
              "children": []
            },
            {
              "id": "106",
              "name": "Payal Patel",
              "image": "https://res.cloudinary.com/dyedk8jpe/image/upload/c_thumb,g_face,h_200,w_200/r_max/f_auto/payal_whhhjc",
              "spouse": {
                "id": "106-spouse",
                "name": "Ronak Patel",
                "image": "https://res.cloudinary.com/dyedk8jpe/image/upload/c_thumb,g_face,h_200,w_200/r_max/f_auto/ronak_w24ufm"
              },
              "children": []
            },
            {
              "id": "108",
              "name": "Kapil Patel",
              "image": "https://res.cloudinary.com/dyedk8jpe/image/upload/c_thumb,g_face,h_200,w_200/r_max/f_auto/kapil_un1q6m",
              "spouse": {
                "id": "108-spouse",
                "name": "Priyanka Patel",
                "image": "https://res.cloudinary.com/dyedk8jpe/image/upload/c_thumb,g_face,h_200,w_200/r_max/f_auto/priyanka_vn1zdn"
              },
              "children": [
                {
                  "id": "136",
                  "name": "Shiyan Patel",
                  "image": "https://res.cloudinary.com/dyedk8jpe/image/upload/c_thumb,g_face,h_200,w_200/r_max/f_auto/shiyan_j7u16f",
                  "children": []
                },
                {
                  "id": "137",
                  "name": "Anaya Patel",
                  "image": "https://res.cloudinary.com/dyedk8jpe/image/upload/c_thumb,g_face,h_200,w_200/r_max/f_auto/anaya_kqp7w0",
                  "children": []
                }
              ]
            }
          ]
        }
      ]
    }
  ]
}